{
  "effects": {
    "mood_sound": {
      "sound": "minecraft:ambient.cave",
      "tick_delay": 6000,
      "block_search_extent": 8,
      "offset": 2
    },
    "sky_color": 7907327,
    "fog_color": 12638463,
    "water_color": 4159204,
    "water_fog_color": 329011
  },
  "carvers": {
    "air": [
      "minecraft:cave"
    ]
  },
  "starts": [
    "minecraft:village_plains",
    "minecraft:buried_treasure"
  ],
  "features": [
    [
      "minecraft:ore_emerald"
    ],
    [
      "minecraft:ore_emerald"
    ],
    [
      "minecraft:ore_emerald"
    ],
    [
      "minecraft:ore_emerald"
    ],
    [
      "minecraft:ore_emerald"
    ],
    [
      "minecraft:ore_emerald"
    ],
    [
      "minecraft:ore_emerald"
    ],
    [
      "minecraft:ore_emerald"
    ],
    [
      "minecraft:spring_water",
      "minecraft:patch_pumpkin",
      "minecraft:patch_grass_plain",
      "minecraft:patch_tall_grass_2",
      "minecraft:patch_sugar_cane",
      "minecraft:brown_mushroom_normal",
      "minecraft:red_mushroom_normal",
      "minecraft:flower_plain_decorated",
      "minecraft:plain_vegetation"
    ],
    [
      "minecraft:freeze_top_layer"
    ]
  ],
  "spawners": {
    "ambient": [],
    "creature": [],
    "misc": [],
    "monster": [],
    "water_ambient": [],
    "water_creature": []
  },
  "category": "plains",
  "precipitation": "rain",
  "surface_builder": "minecraft:grass",
  "scale": 0.35,
  "downfall": 0.1,
  "depth": 0.12,
  "temperature": 0.7,
  "player_spawn_friendly": true,
  "spawn_costs": {},
  "creature_spawn_probability": 0.3
}